body_taxonomic,body_id,body_label,role,form,attribute,synonym,plural_of,wikipedia_page
,ablabesmyia,ablabesmyia,,,,,,https://en.wikipedia.org/wiki/Ablabesmyia
ablabesmyia,ablabesmyia~janta,ablabesmyia~janta,,,,,,
ablabesmyia,ablabesmyia~mallochi,ablabesmyia~mallochi,,,,,,
,acamptocladius,acamptocladius,,,,,,https://en.wikipedia.org/wiki/Acamptocladius
,acentropus,acentropus,,,,acentria,,https://en.wikipedia.org/wiki/Acentria
,actinobdella,actinobdella,,,,,,
,actinomycetes,actinomycetes,,,,,,https://en.wikipedia.org/wiki/Actinomycetales
,adenophorea,adenophorea,,,,,,https://en.wikipedia.org/wiki/Adenophorea
,adicrophleps,adicrophleps,,,,,,
,aedes,aedes,,,,,,https://en.wikipedia.org/wiki/Aedes
,aeolosoma,aeolosoma,,,,,,
,aeolosomatidae,aeolosomatidae,,,,,,https://en.wikipedia.org/wiki/Aeolosomatidae
,agapetus,agapetus,,,,,,https://en.wikipedia.org/wiki/Agapetus_(genus)
,agarodes,agarodes,,,,,,
,agathon,agathon,,,,,,
,agraylea,agraylea,,,,,,
,agrypnia,agrypnia,,,,,,https://en.wikipedia.org/wiki/Agrypnia
,alciopidae,alciopidae,,,,,,
,algae,algae,,,,,,https://en.wikipedia.org/wiki/Algae
,alisotrichia,alisotrichia,,,,,,
,allocosmoecus,allocosmoecus,,,,,,
,alluaudomyia,alluaudomyia,,,,,,
,alona,alona,,,,,,https://en.wikipedia.org/wiki/Alona_(crustacean)
,amiocentrus,amiocentrus,,,,,,
amiocentrus,amiocentrus~aspilus,amiocentrus~aspilus,,,,,,
,ampharetidae,ampharetidae,,,,,,https://en.wikipedia.org/wiki/Ampharetidae
,amphicosmoecus,amphicosmoecus,,,,,,
,amphinemura,amphinemura,,,,,,
,amphinomidae,amphinomidae,,,,,,https://en.wikipedia.org/wiki/Amphinomidae
,amphipoda,amphipoda,,,,,,https://en.wikipedia.org/wiki/Amphipoda
,amphiporidae,amphiporidae,,,,,,
,amphiporus,amphiporus,,,,,,
,anabolia,anabolia,,,,,,
,anagapetus,anagapetus,,,,,,
,anaitides,anaitides,,,,,,
,anatopynia,anatopynia,,,,,,https://en.wikipedia.org/wiki/Anatopynia
,anisocentropus,anisocentropus,,,,,,
anisocentropus,anisocentropus~pyraloides,anisocentropus~pyraloides,,,,,,
,annelida,annelida,,,,,,https://en.wikipedia.org/wiki/Annelid
,anopheles,anopheles,,,,,,https://en.wikipedia.org/wiki/Anopheles
,anopla,anopla,,,,,,https://en.wikipedia.org/wiki/Anopla
,anostraca,anostraca,,,,,,https://en.wikipedia.org/wiki/Anostraca
,anthozoa,anthozoa,,,,,,https://en.wikipedia.org/wiki/Anthozoa
,anthuridae,anthuridae,,,,anthuroidea,,https://en.wikipedia.org/wiki/Anthuroidea
,antichaeta,antichaeta,,,,,,
,antocha,antocha,,,,,,https://en.wikipedia.org/wiki/Antocha
,apatania,apatania,,,,,,
,aphroditidae,aphroditidae,,,,,,
,aphrosylus,aphrosylus,,,,,,https://en.wikipedia.org/wiki/Aphrosylus
,apistobranchidae,apistobranchidae,,,,,,
,apsectrotanypus,apsectrotanypus,,,,,,https://en.wikipedia.org/wiki/Apsectrotanypus
,arabellidae,arabellidae,,,,,,
,archanara,archanara,,,,,,https://en.wikipedia.org/wiki/Archanara
,archips,archips,,,,,,https://en.wikipedia.org/wiki/Archips
,arctopelopia,arctopelopia,,,,,,https://en.wikipedia.org/wiki/Arctopelopia
,arctopora,arctopora,,,,,,
,arctopsyche,arctopsyche,,,,,,
,arenicolidae,arenicolidae,,,,,,https://en.wikipedia.org/wiki/Arenicolidae
,argyra,argyra,,,,,,https://en.wikipedia.org/wiki/Argyra
,arthropoda,arthropoda,,,,arthropod,,https://en.wikipedia.org/wiki/Arthropod
,ascomorpha,ascomorpha,,,,,,
,asellidae,asellidae,,,,,,https://en.wikipedia.org/wiki/Asellidae
,asellus,asellus,,,,,,https://en.wikipedia.org/wiki/Asellus
,asellus~intermedius,asellus~intermedius,,,,,,
,asplanchna,asplanchna,,,,,,
,asplanchnidae,asplanchnidae,,,,,,
,astacidae,astacidae,,,,,,https://en.wikipedia.org/wiki/Astacidae
,asynarchus,asynarchus,,,,,,
,atherix,atherix,,,,,,https://en.wikipedia.org/wiki/Atherix
atherix,atherix~variegata,atherix~variegata,,,,,,
,athripsodes,athripsodes,,,,,,
,atopsyche,atopsyche,,,,,,
,atrichomelina,atrichomelina,,,,,,https://en.wikipedia.org/wiki/Atrichomelina
,atrichopogon,atrichopogon,,,,,,https://en.wikipedia.org/wiki/Atrichopogon
,atyidae,atyidae,,,,,,https://en.wikipedia.org/wiki/Atyidae
,aulodrilus,aulodrilus,,,,,,
,axiothella,axiothella,,,,,,
,bacteria,bacteria,,,,,,https://en.wikipedia.org/wiki/Bacteria
,diazotroph,diazotroph,,,,,,https://en.wikipedia.org/wiki/Diazotroph
,diazotrophs,diazotrophs,,,,,diazotroph,
,balanus,balanus,,,,,,https://en.wikipedia.org/wiki/Balanus
,banksiola,banksiola,,,,,,
,batracobdella,batracobdella,,,,,,
,bdelloidea,bdelloidea,,,,,,https://en.wikipedia.org/wiki/Bdelloidea
,bdellonemertea,bdellonemertea,,,,malacobdellidae,,https://en.wikipedia.org/wiki/Malacobdellidae
,bear,bear,,,,,,http://en.wikipedia.org/wiki/Bear
bear,bear~black,bear~black,,,,,,https://en.wikipedia.org/wiki/Black_bear
bear~black,bear~black~american,bear~black~american,,,american,,,https://en.wikipedia.org/wiki/American_black_bear
,bellura,bellura,,,,,,https://en.wikipedia.org/wiki/Bellura
,beraea,beraea,,,,,,
,beraeidae,beraeidae,,,,,,
,bezzia,bezzia,,,,,,
,bibiocephala,bibiocephala,,,,,,
,bittacomorpha,bittacomorpha,,,,,,
,bodotriidae,bodotriidae,,,,,,https://en.wikipedia.org/wiki/Bodotriidae
,bopyridae,bopyridae,,,,,,https://en.wikipedia.org/wiki/Bopyridae
,boreoheptagyia,boreoheptagyia,,,,,,https://en.wikipedia.org/wiki/Boreoheptagyia
,bosmina,bosmina,,,,,,https://en.wikipedia.org/wiki/Bosmina
,bosminidae,bosminidae,,,,,,
,brachionus,brachionus,,,,,,https://en.wikipedia.org/wiki/Brachionus
,brachiopoda,brachiopoda,,,,,,https://en.wikipedia.org/wiki/Brachiopod
,brachycentridae,brachycentridae,,,,,,https://en.wikipedia.org/wiki/Brachycentridae
,brachycentrus,brachycentrus,,,,,,
,brachycentrus~americanus,brachycentrus~americanus,,,,,,
,brachydeutera,brachydeutera,,,,,,
,branchiobdellidae,branchiobdellidae,,,,,,
,branchiura,branchiura,,,,,,https://en.wikipedia.org/wiki/Branchiura
,bridge,bridge,,,,,,http://en.wikipedia.org/wiki/Bridge
,brillia,brillia,,,,,,https://en.wikipedia.org/wiki/Brillia
,bryophaenocladius,bryophaenocladius,,,,,,https://en.wikipedia.org/wiki/Bryophaenocladius
,calamoceratidae,calamoceratidae,,,,,,
,calanoida,calanoida,,,,,,https://en.wikipedia.org/wiki/Calanoida
,callinectes,callinectes,,,,,,https://en.wikipedia.org/wiki/Callinectes
,cambarellus,cambarellus,,,,,,https://en.wikipedia.org/wiki/Cambarellus
,cambarus,cambarus,,,,,,https://en.wikipedia.org/wiki/Cambarus
cambarus,cambarus~bartoni,cambarus~bartoni,,,,cambarus~bartonii,,https://en.wikipedia.org/wiki/Cambarus_bartonii
cambarus,cambarus~diogenes,cambarus~diogenes,,,,,,https://en.wikipedia.org/wiki/Cambarus_diogenes
,campsicnemus,campsicnemus,,,,,,https://en.wikipedia.org/wiki/Campsicnemus
,camptocercus,camptocercus,,,,,,
,canaceidae,canaceidae,,,,,,
,cancer,cancer,,,,,,https://en.wikipedia.org/wiki/Cancer_(genus)
,cancridae,cancridae,,,,,,https://en.wikipedia.org/wiki/Cancridae
,candocypria,candocypria,,,,,,
,candona,candona,,,,,,https://en.wikipedia.org/wiki/Candona
,canthocamptus,canthocamptus,,,,,,https://en.wikipedia.org/wiki/Canthocamptus
,cantopelopia,cantopelopia,,,,,,
,capitellidae,capitellidae,,,,,,https://en.wikipedia.org/wiki/Capitellidae
,caprella,caprella,,,,,,https://en.wikipedia.org/wiki/Caprella
,caprellidae,caprellidae,,,,,,https://en.wikipedia.org/wiki/Caprellidae
,cardiocladius,cardiocladius,,,,,,https://en.wikipedia.org/wiki/Cardiocladius
,carinomidae,carinomidae,,,,,,
,carp,carp,,,,,,https://en.wikipedia.org/wiki/Carp
carp,carp~bighead,carp~bighead,,,,hypophthalmichthys~nobilis,,https://en.wikipedia.org/wiki/Bighead_carp
carp,carp~silver,carp~silver,,,,hypophthalmichthys~molitrix,,https://en.wikipedia.org/wiki/Silver_carp
,platelet,platelet,,cell,,,,https://en.wikipedia.org/wiki/Platelet
,red-blood-cell,red-blood-cell,,cell,,,,https://en.wikipedia.org/wiki/Red_blood_cell
,white-blood-cell,white-blood-cell,,cell,,,,https://en.wikipedia.org/wiki/White_blood_cell
,cephalodella,cephalodella,,,,,,https://en.wikipedia.org/wiki/Cephalodella
,cephalothricidae,cephalothricidae,,,,,,
,ceraclea,ceraclea,,,,,,
,ceratopogon,ceratopogon,,,,,,
,ceratopogonidae,ceratopogonidae,,,,,,https://en.wikipedia.org/wiki/Ceratopogonidae
,cerebratulus,cerebratulus,,,,,,
,ceriodaphnia,ceriodaphnia,,,,,,
,cernotina,cernotina,,,,,,
,chaetocladius,chaetocladius,,,,,,https://en.wikipedia.org/wiki/Chaetocladius
,chaetogaster,chaetogaster,,,,,,https://en.wikipedia.org/wiki/Chaetogaster
,chaetognatha,chaetognatha,,,,arrowworm,,https://en.wikipedia.org/wiki/Chaetognatha
,chaetopteridae,chaetopteridae,,,,,,https://en.wikipedia.org/wiki/Chaetopteridae
,river,river,,channel,,,,https://en.wikipedia.org/wiki/River
,stream,stream,,channel,,,,https://en.wikipedia.org/wiki/Stream
,rivers,rivers,,channels,,,river,
,chaoboridae,chaoboridae,,,,,,https://en.wikipedia.org/wiki/Chaoboridae
,chaoborus,chaoborus,,,,glassworm,,https://en.wikipedia.org/wiki/Glassworm
,chelifera,chelifera,,,,,,
,cheumatopsyche,cheumatopsyche,,,,,,
,chilo,chilo,,,,,,https://en.wikipedia.org/wiki/Chilo_(moth)
,chilostigma,chilostigma,,,,,,https://en.wikipedia.org/wiki/Chilostigma
,chilostigmodes,chilostigmodes,,,,,,
,chimarra,chimarra,,,,,,
,chironomidae,chironomidae,,,,lake-fly,,https://en.wikipedia.org/wiki/Chironomidae
,chironomus,chironomus,,,,,,https://en.wikipedia.org/wiki/Chironomus
,chlorohydra,chlorohydra,,,,,,
,chrysendeton,chrysendeton,,,,,,https://en.wikipedia.org/wiki/Chrysendeton
,chrysopetalidae,chrysopetalidae,,,,,,https://en.wikipedia.org/wiki/Chrysopetalidae
,chrysops,chrysops,,,,deer-fly,,https://en.wikipedia.org/wiki/Deer_fly
,chydoridae,chydoridae,,,,,,
,cirratulidae,cirratulidae,,,,,,https://en.wikipedia.org/wiki/Cirratulidae
,cirriformia,cirriformia,,,,,,https://en.wikipedia.org/wiki/Cirriformia
,cladopelma,cladopelma,,,,,,https://en.wikipedia.org/wiki/Cladopelma
,cladotanytarsus,cladotanytarsus,,,,,,https://en.wikipedia.org/wiki/Cladotanytarsus
,clavidae,clavidae,,,,hydractiniidae,,https://en.wikipedia.org/wiki/Hydractiniidae
,clinocera,clinocera,,,,,,
,clinotanypus,clinotanypus,,,,,,https://en.wikipedia.org/wiki/Clinotanypus
,clistoronia,clistoronia,,,,,,
,clitellio,clitellio,,,,,,
,clostoeca,clostoeca,,,,,,
,clostridium,clostridium,,,,,,https://en.wikipedia.org/wiki/Clostridium
clostridium,clostridium~perfringens,clostridium~perfringens,,,,,,https://en.wikipedia.org/wiki/Clostridium_perfringens
,clunio,clunio,,,,,,https://en.wikipedia.org/wiki/Clunio
,cnephia,cnephia,,,,,,https://en.wikipedia.org/wiki/Cnephia
,cnidaria,cnidaria,,,,,,https://en.wikipedia.org/wiki/Cnidaria
,coelotanypus,coelotanypus,,,,,,
coelotanypus,coelotanypus~scapularis,coelotanypus~scapularis,,,,,,
,coliform,coliform,,,,,,https://en.wikipedia.org/wiki/Coliform_bacteria
,coliforms,coliforms,,,,,coliform,
coliforms,coliforms~fecal,coliforms~fecal,,,,,,https://en.wikipedia.org/wiki/Fecal_coliform
,collothecaceae,collothecaceae,,,,,,
,collothecidae,collothecidae,,,,,,
,colobaea,colobaea,,,,,,https://en.wikipedia.org/wiki/Colobaea
,conchapelopia,conchapelopia,,,,,,https://en.wikipedia.org/wiki/Conchapelopia
,conchostraca,conchostraca,,,,clam-shrimp,,https://en.wikipedia.org/wiki/Clam_shrimp
,conochilidae,conochilidae,,,,,,
,conochiloides,conochiloides,,,,,,
,constempellina,constempellina,,,,,,https://en.wikipedia.org/wiki/Constempellina
,contiger,contiger,,,,,,https://en.wikipedia.org/wiki/Contiger
,cordylophora,cordylophora,,,,,,https://en.wikipedia.org/wiki/Cordylophoridae
cordylophora,cordylophora~lacustris,cordylophora~lacustris,,,,,,
,corethrella,corethrella,,,,,,https://en.wikipedia.org/wiki/Corethrella
,corophiidae,corophiidae,,,,,,https://en.wikipedia.org/wiki/Corophiidae
,corophium,corophium,,,,,,https://en.wikipedia.org/wiki/Corophium
,corynoneura,corynoneura,,,,,,https://en.wikipedia.org/wiki/Corynoneura
,crangonyx,crangonyx,,,,,,https://en.wikipedia.org/wiki/Crangonyx
,cricotopus,cricotopus,,,,,,https://en.wikipedia.org/wiki/Cricotopus
cricotopus,cricotopus~bicinctus,cricotopus~bicinctus,,,,,,https://en.wikipedia.org/wiki/Cricotopus_bicinctus
,cryptochia,cryptochia,,,,,,
,cryptochironomus,cryptochironomus,,,,,,https://en.wikipedia.org/wiki/Cryptochironomus
cryptochironomus,cryptochironomus~blarina,cryptochironomus~blarina,,,,,,
cryptochironomus,cryptochironomus~fulvus,cryptochironomus~fulvus,,,,,,
,cryptosporidium,cryptosporidium,,,,,,https://en.wikipedia.org/wiki/Cryptosporidium
,cryptotendipes,cryptotendipes,,,,,,https://en.wikipedia.org/wiki/Cryptotendipes
,ctenophora,ctenophora,,,,,,https://en.wikipedia.org/wiki/Ctenophora
,culex,culex,,,,,,https://en.wikipedia.org/wiki/Culex
,culicidae,culicidae,,,,mosquito,,https://en.wikipedia.org/wiki/Mosquito
,culicoides,culicoides,,,,,,https://en.wikipedia.org/wiki/Culicoides
,culiseta,culiseta,,,,,,https://en.wikipedia.org/wiki/Culiseta
,culoptila,culoptila,,,,,,https://en.wikipedia.org/wiki/Culoptila
,cumacea,cumacea,,,,,,https://en.wikipedia.org/wiki/Cumacea
,cyclaspis,cyclaspis,,,,,,https://en.wikipedia.org/wiki/Cyclaspis
,cyclocypria,cyclocypria,,,,,,
,cyclocypris,cyclocypris,,,,,,
,cyclopidae,cyclopidae,,,,,,https://en.wikipedia.org/wiki/Cyclopidae
,cyclopoida,cyclopoida,,,,,,https://en.wikipedia.org/wiki/Cyclopoida
,cyclops,cyclops,,,,,,https://en.wikipedia.org/wiki/Cyclops_(genus)
,cymothoidae,cymothoidae,,,,,,https://en.wikipedia.org/wiki/Cymothoidae
,cypria,cypria,,,,,,
,cypricercus,cypricercus,,,,,,https://en.wikipedia.org/wiki/Cypricercus
,cypridopsis,cypridopsis,,,,,,
,cyprinotus,cyprinotus,,,,,,
,cypris,cypris,,,,,,
,cyrnellus,cyrnellus,,,,,,
cyrnellus,cyrnellus~fraternus,cyrnellus~fraternus,,,,,,
,dactylolabis,dactylolabis,,,,,,https://en.wikipedia.org/wiki/Dactylolabis
,daphnia,daphnia,,,,,,https://en.wikipedia.org/wiki/Daphnia
,daphnidae,daphnidae,,,,daphniidae,,https://en.wikipedia.org/wiki/Daphniidae
,dasyhelea,dasyhelea,,,,,,https://en.wikipedia.org/wiki/Dasyhelea
,decapoda,decapoda,,,,,,https://en.wikipedia.org/wiki/Decapoda
,demicryptochironomus,demicryptochironomus,,,,,,https://en.wikipedia.org/wiki/Demicryptochironomus
,dendrocoelidae,dendrocoelidae,,,,,,https://en.wikipedia.org/wiki/Dendrocoelidae
,dero,dero,,,,,,
,desmona,desmona,,,,,,
,deuterophlebia,deuterophlebia,,,,,,https://en.wikipedia.org/wiki/Deuterophlebia
,deuterophlebiidae,deuterophlebiidae,,,,,,
,diamesa,diamesa,,,,,,https://en.wikipedia.org/wiki/Diamesa
,diaphanosoma,diaphanosoma,,,,,,
,diaptomidae,diaptomidae,,,,,,https://en.wikipedia.org/wiki/Diaptomidae
,diaptomus,diaptomus,,,,,,https://en.wikipedia.org/wiki/Diaptomus
,diastylidae,diastylidae,,,,,,https://en.wikipedia.org/wiki/Diastylidae
,diastylis,diastylis,,,,,,https://en.wikipedia.org/wiki/Diastylis
,dibusa,dibusa,,,,,,
dibusa,dibusa~angata,dibusa~angata,,,,,,
,dicosmoecus,dicosmoecus,,,,,,
,dicranota,dicranota,,,,,,https://en.wikipedia.org/wiki/Dicranota
,dictya,dictya,,,,,,https://en.wikipedia.org/wiki/Dictya
,dina,dina,,,,,,
,diplectrona,diplectrona,,,,,,
,diplocladius,diplocladius,,,,,,https://en.wikipedia.org/wiki/Diplocladius
,diptera,diptera,,,,fly,,https://en.wikipedia.org/wiki/Fly
,dixa,dixa,,,,,,
,dixella,dixella,,,,,,
,dixidae,dixidae,,,,,,https://en.wikipedia.org/wiki/Dixidae
,dolichocephala,dolichocephala,,,,,,https://en.wikipedia.org/wiki/Dolichocephala
,dolichopodidae,dolichopodidae,,,,,,https://en.wikipedia.org/wiki/Dolichopodidae
,dolichopus,dolichopus,,,,,,https://en.wikipedia.org/wiki/Dolichopus
,dolophilodes,dolophilodes,,,,,,
,dorvilleidae,dorvilleidae,,,,,,
,dugesia,dugesia,,,,,,https://en.wikipedia.org/wiki/Dugesia
,ecclisocosmoecus,ecclisocosmoecus,,,,,,
,ecclisomyia,ecclisomyia,,,,,,
,einfeldia,einfeldia,,,,,,https://en.wikipedia.org/wiki/Einfeldia
,elasmopus,elasmopus,,,,,,
,elgiva,elgiva,,,,,,
,elliptera,elliptera,,,,,,https://en.wikipedia.org/wiki/Elliptera
,empididae,empididae,,,,,,https://en.wikipedia.org/wiki/Empididae
,emplectonematidae,emplectonematidae,,,,,,
,enchytraeidae,enchytraeidae,,,,,,https://en.wikipedia.org/wiki/Enchytraeidae
,endochironomus,endochironomus,,,,,,https://en.wikipedia.org/wiki/Endochironomus
,enopla,enopla,,,,,,https://en.wikipedia.org/wiki/Enopla
,enterobacter,enterobacter,,,,,,https://en.wikipedia.org/wiki/Enterobacter
enterobacter,enterobacter~cloacae,enterobacter~cloacae,,,,,,https://en.wikipedia.org/wiki/Enterobacter_cloacae
,enterococci,enterococci,,,,,enterococcus,
,enterococcus,enterococcus,,,,,,https://en.wikipedia.org/wiki/Enterococcus
,eobrachycentrus,eobrachycentrus,,,,,,
,eoparargyractis,eoparargyractis,,,,,,https://en.wikipedia.org/wiki/Eoparargyractis
,ephydra,ephydra,,,,,,
,ephydridae,ephydridae,,,,,,https://en.wikipedia.org/wiki/Ephydridae
,epinebalia,epinebalia,,,,,,
,epithemiaceae,epithemiaceae,,,,,,
,epoicocladius,epoicocladius,,,,,,https://en.wikipedia.org/wiki/Epoicocladius
,eriocera,eriocera,,,,,,https://en.wikipedia.org/wiki/Eriocera
,erioptera,erioptera,,,,,,https://en.wikipedia.org/wiki/Erioptera
,eristalis,eristalis,,,,,,https://en.wikipedia.org/wiki/Eristalis
,erpobdella,erpobdella,,,,,,https://en.wikipedia.org/wiki/Erpobdella
,erpobdellidae,erpobdellidae,,,,,,https://en.wikipedia.org/wiki/Erpobdellidae
,escherichia,escherichia,,,,,,https://en.wikipedia.org/wiki/Escherichia
escherichia,escherichia~coli,escherichia~coli,,,,,,https://en.wikipedia.org/wiki/Escherichia_coli
,eteone,eteone,,,,,,
,euchlanis,euchlanis,,,,,,
,eucorethra,eucorethra,,,,,,
,eucyclops,eucyclops,,,,,,
,eucypris,eucypris,,,,,,
,eukiefferiella,eukiefferiella,,,,,,https://en.wikipedia.org/wiki/Eukiefferiella
,eunicidae,eunicidae,,,,,,https://en.wikipedia.org/wiki/Eunicidae
,euparyphus,euparyphus,,,,,,https://en.wikipedia.org/wiki/Euparyphus
,euphausiacea,euphausiacea,,,,krill,,https://en.wikipedia.org/wiki/Krill
,euphrosinidae,euphrosinidae,,,,,,https://en.wikipedia.org/wiki/Euphrosinidae
,eurycercus,eurycercus,,,,,,
,eurytemora,eurytemora,,,,,,
,eusimulium,eusimulium,,,,,,
,exosphaeroma,exosphaeroma,,,,,,https://en.wikipedia.org/wiki/Exosphaeroma
,fabria,fabria,,,,,,
,farula,farula,,,,,,
,fattigia,fattigia,,,,,,
,filinia,filinia,,,,,,
,fish,fish,,,,,,http://en.wikipedia.org/wiki/Fish
,flabelligeridae,flabelligeridae,,,,,,
,flagellate,flagellate,,,,,,https://en.wikipedia.org/wiki/Flagellate
,flagellates,flagellates,,,,,flagellate,
,flosculariaceae,flosculariaceae,,,,,,
,foraminiferida,foraminiferida,,,,,,
,forcipomyia,forcipomyia,,,,,,https://en.wikipedia.org/wiki/Forcipomyia
,frenesia,frenesia,,,,,,
,gammaridae,gammaridae,,,,,,https://en.wikipedia.org/wiki/Gammaridae
,gammarus,gammarus,,,,,,https://en.wikipedia.org/wiki/Gammarus
,gastropidae,gastropidae,,,,,,
,georthocladius,georthocladius,,,,,,https://en.wikipedia.org/wiki/Georthocladius
,giardia,giardia,,,,,,https://en.wikipedia.org/wiki/Giardia
,glacier,glacier,,,,,,http://en.wikipedia.org/wiki/Glacier
,glossiphonia,glossiphonia,,,,,,
,glossiphoniidae,glossiphoniidae,,,,,,https://en.wikipedia.org/wiki/Glossiphoniidae
,glossosoma,glossosoma,,,,,,
,glossosomatidae,glossosomatidae,,,,,,https://en.wikipedia.org/wiki/Glossosomatidae
,glycera,glycera,,,,,,https://en.wikipedia.org/wiki/Glycera_(annelid)
,glyceridae,glyceridae,,,,,,https://en.wikipedia.org/wiki/Glyceridae
,glyphopsyche,glyphopsyche,,,,,,
,glyphotaelius,glyphotaelius,,,,,,
,glyptotendipes,glyptotendipes,,,,,,https://en.wikipedia.org/wiki/Glyptotendipes
,gnathobdellida,gnathobdellida,,,,hirudiniformes,,https://en.wikipedia.org/wiki/Hirudiniformes
,gnorimosphaeroma,gnorimosphaeroma,,,,,,https://en.wikipedia.org/wiki/Gnorimosphaeroma
,goeldichironomus,goeldichironomus,,,,,,
,goera,goera,,,,,,
,goeracea,goeracea,,,,,,
,goereilla,goereilla,,,,,,
,goeridae,goeridae,,,,,,
,goerita,goerita,,,,,,
,goniadidae,goniadidae,,,,,,
,gonomyia,gonomyia,,,,,,https://en.wikipedia.org/wiki/Gonomyia
,graceus,graceus,,,,,,https://en.wikipedia.org/wiki/Graceus
,grammotaulius,grammotaulius,,,,,,
,greniera,greniera,,,,,,
,grensia,grensia,,,,,,
,gumaga,gumaga,,,,,,
,guttipelopia,guttipelopia,,,,,,https://en.wikipedia.org/wiki/Guttipelopia
,gymnopais,gymnopais,,,,,,
,hagenella,hagenella,,,,,,
,halesochila,halesochila,,,,,,
,halocladius,halocladius,,,,,,https://en.wikipedia.org/wiki/Halocladius
,haploscoloplos,haploscoloplos,,,,,,
,haplotaxidae,haplotaxidae,,,,,,
,harnischia,harnischia,,,,,,https://en.wikipedia.org/wiki/Harnischia
,harpacticoida,harpacticoida,,,,,,https://en.wikipedia.org/wiki/Harpacticoida
,hedria,hedria,,,,,,
,heleniella,heleniella,,,,,,https://en.wikipedia.org/wiki/Heleniella
,helicobacter,helicobacter,,,,,,https://en.wikipedia.org/wiki/Helicobacter
helicobacter,helicobacter~pylori,helicobacter~pylori,,,,,,https://en.wikipedia.org/wiki/Helicobacter_pylori
,helicopsyche,helicopsyche,,,,,,https://en.wikipedia.org/wiki/Helicopsyche
,helicopsychidae,helicopsychidae,,,,caddisfly~snail-case,,https://en.wikipedia.org/wiki/Snail-case_caddisfly
,helius,helius,,,,,,https://en.wikipedia.org/wiki/Helius_(fly)
,helobdella,helobdella,,,,,,https://en.wikipedia.org/wiki/Helobdella
,hemerodromia,hemerodromia,,,,,,
,herpetocypris,herpetocypris,,,,,,
,hesionidae,hesionidae,,,,,,https://en.wikipedia.org/wiki/Hesionidae
,hesperophylax,hesperophylax,,,,,,
,heteromyia,heteromyia,,,,,,
,heteronemertea,heteronemertea,,,,,,https://en.wikipedia.org/wiki/Heteronemertea
,heteroplectron,heteroplectron,,,,,,
,heterotanytarsus,heterotanytarsus,,,,,,https://en.wikipedia.org/wiki/Heterotanytarsus
,heterotrissocladius,heterotrissocladius,,,,,,https://en.wikipedia.org/wiki/Heterotrissocladius
,hexarthra,hexarthra,,,,,,
,hexatoma,hexatoma,,,,,,https://en.wikipedia.org/wiki/Hexatoma
,himalopsyche,himalopsyche,,,,,,
,hirudinea,hirudinea,,,,leech,,https://en.wikipedia.org/wiki/Leech
,holopedidae,holopedidae,,,,,,
,holopedium,holopedium,,,,,,
,holorusia,holorusia,,,,,,https://en.wikipedia.org/wiki/Holorusia
,homophylax,homophylax,,,,,,
,homoplectra,homoplectra,,,,,,
,hoplonemertea,hoplonemertea,,,,,,
,human,human,,,,,,http://en.wikipedia.org/wiki/Human
human,human_scuba-diver,scuba-diver,scuba-diver,,,,,
,hydatophylax,hydatophylax,,,,,,
,hydra,hydra,,,,,,https://en.wikipedia.org/wiki/Hydra_(genus)
,hydridae,hydridae,,,,,,
,hydrobaenus,hydrobaenus,,,,,,
,hydroida,hydroida,,,,,,https://en.wikipedia.org/wiki/Hydroida
,hydrophoria,hydrophoria,,,,,,
,hydrophorus,hydrophorus,,,,,,https://en.wikipedia.org/wiki/Hydrophorus
,hydropsyche,hydropsyche,,,,,,https://en.wikipedia.org/wiki/Hydropsyche
hydropsyche,hydropsyche~frisoni,hydropsyche~frisoni,,,,,,
hydropsyche,hydropsyche~incommoda,hydropsyche~incommoda,,,,,,
hydropsyche,hydropsyche~orris,hydropsyche~orris,,,,,,
hydropsyche,hydropsyche~simulans,hydropsyche~simulans,,,,,,
,hydropsychidae,hydropsychidae,,,,,,https://en.wikipedia.org/wiki/Hydropsychidae
,hydroptila,hydroptila,,,,,,https://en.wikipedia.org/wiki/Hydroptila
,hydroptilidae,hydroptilidae,,,,,,https://en.wikipedia.org/wiki/Hydroptilidae
,hydrozoa,hydrozoa,,,,,,https://en.wikipedia.org/wiki/Hydrozoa
,hypocharassus,hypocharassus,,,,,,https://en.wikipedia.org/wiki/Hypocharassus
,idotea,idotea,,,,,,https://en.wikipedia.org/wiki/Idotea
,idoteidae,idoteidae,,,,,,https://en.wikipedia.org/wiki/Idoteidae
,ilyodrilus,ilyodrilus,,,,,,
,insecta,insecta,,,,insect,,https://en.wikipedia.org/wiki/Insect
,ironoquia,ironoquia,,,,,,
,isopoda,isopoda,,,,,,https://en.wikipedia.org/wiki/Isopoda
,ithytrichia,ithytrichia,,,,,,
,kellicottia,kellicottia,,,,,,
,keratella,keratella,,,,,,
,kiefferulus,kiefferulus,,,,,,https://en.wikipedia.org/wiki/Kiefferulus
,klebsiella,klebsiella,,,,,,https://en.wikipedia.org/wiki/Klebsiella
klebsiella,klebsiella~pneumoniae,klebsiella~pneumoniae,,,,,,https://en.wikipedia.org/wiki/Klebsiella_pneumoniae
,krenopelopia,krenopelopia,,,,,,https://en.wikipedia.org/wiki/Krenopelopia
,krenosmittia,krenosmittia,,,,,,https://en.wikipedia.org/wiki/Krenosmittia
,labrundinia,labrundinia,,,,,,https://en.wikipedia.org/wiki/Labrundinia
,lampropidae,lampropidae,,,,,,https://en.wikipedia.org/wiki/Lampropidae
,lamprops,lamprops,,,,,,
,langessa,langessa,,,,,,https://en.wikipedia.org/wiki/Langessa
,larsia,larsia,,,,,,https://en.wikipedia.org/wiki/Larsia
,latona,latona,,,,,,
,latonopsis,latonopsis,,,,,,
,lauterborniella,lauterborniella,,,,,,https://en.wikipedia.org/wiki/Lauterborniella
,lecane,lecane,,,,,,
,lecanidae,lecanidae,,,,,,
,legionella,legionella,,,,,,https://en.wikipedia.org/wiki/Legionella
,lenarchus,lenarchus,,,,,,
,lepadella,lepadella,,,,,,
,lepania,lepania,,,,,,
,lepidoptera,lepidoptera,,,,,,https://en.wikipedia.org/wiki/Lepidoptera
,lepidostoma,lepidostoma,,,,,,
,lepidostomatidae,lepidostomatidae,,,,,,https://en.wikipedia.org/wiki/Lepidostomatidae
,leptoceridae,leptoceridae,,,,,,https://en.wikipedia.org/wiki/Leptoceridae
,leptocerus,leptocerus,,,,,,
,leptochelia,leptochelia,,,,,,
,leptonema,leptonema,,,,,,
,leptophylax,leptophylax,,,,,,
,leptostylis,leptostylis,,,,pycnandra,,https://en.wikipedia.org/wiki/Pycnandra
,leuconidae,leuconidae,,,,,,https://en.wikipedia.org/wiki/Leuconidae
,leucotrichia,leucotrichia,,,,,,
,limnephilidae,limnephilidae,,,,,,https://en.wikipedia.org/wiki/Limnephilidae
,limnephilus,limnephilus,,,,,,https://en.wikipedia.org/wiki/Limnephilus
,limnochironomus,limnochironomus,,,,,,
,limnodrilus,limnodrilus,,,,,,
,limnophila,limnophila,,,,,,https://en.wikipedia.org/wiki/Limnophila
,limnophora,limnophora,,,,,,https://en.wikipedia.org/wiki/Limnophora
,limonia,limonia,,,,,,https://en.wikipedia.org/wiki/Limonia
,lineidae,lineidae,,,,,,https://en.wikipedia.org/wiki/Lineidae
,lineus,lineus,,,,,,https://en.wikipedia.org/wiki/Lineus
,lirceus,lirceus,,,,,,https://en.wikipedia.org/wiki/Lirceus
,liriope,liriope,,,,,,
,lispe,lispe,,,,,,https://en.wikipedia.org/wiki/Lispe
,lispoides,lispoides,,,,,,
,lophocharis,lophocharis,,,,,,
,lumbriculidae,lumbriculidae,,,,,,https://en.wikipedia.org/wiki/Lumbriculidae
,lumbriculus,lumbriculus,,,,,,https://en.wikipedia.org/wiki/Lumbriculus
,lype,lype,,,,,,
,macrobdella,macrobdella,,,,,,
,macrobrachium,macrobrachium,,,,,,https://en.wikipedia.org/wiki/Macrobrachium
,macrochaetus,macrochaetus,,,,,,
,macronema,macronema,,,,ericameria,,https://en.wikipedia.org/wiki/Ericameria
,macropelopia,macropelopia,,,,,,https://en.wikipedia.org/wiki/Macropelopia
,macrothricidae,macrothricidae,,,,,,
,macrothrix,macrothrix,,,,,,
,magelonidae,magelonidae,,,,,,
,maldanidae,maldanidae,,,,,,
,mallochohelea,mallochohelea,,,,,,
,manophylax,manophylax,,,,,,
,mansonia,mansonia,,,,,,https://en.wikipedia.org/wiki/Mansonia
,marilia,marilia,,,,,,
,maruina,maruina,,,,,,
,matrioptila,matrioptila,,,,,,
,mayatrichia,mayatrichia,,,,,,
,melanderia,melanderia,,,,,,https://en.wikipedia.org/wiki/Melanderia
,mesocricotopus,mesocricotopus,,,,,,
,mesocyclops,mesocyclops,,,,,,https://en.wikipedia.org/wiki/Mesocyclops
,metacnephia,metacnephia,,,,,,
,metriocnemus,metriocnemus,,,,,,https://en.wikipedia.org/wiki/Metriocnemus
,micrasema,micrasema,,,,,,
,microcricotopus,microcricotopus,,,,,,
,micropsectra,micropsectra,,,,,,https://en.wikipedia.org/wiki/Micropsectra
,microtendipes,microtendipes,,,,,,https://en.wikipedia.org/wiki/Microtendipes
,micrura,micrura,,,,,,
,mochlonyx,mochlonyx,,,,,,
,molanna,molanna,,,,,,
,molannidae,molannidae,,,,,,
,monodiamesa,monodiamesa,,,,,,https://en.wikipedia.org/wiki/Monodiamesa
,monohelea,monohelea,,,,,,
,monopelopia,monopelopia,,,,,,https://en.wikipedia.org/wiki/Monopelopia
,monostyla,monostyla,,,,,,
,moselyana,moselyana,,,,,,
,munroessa,munroessa,,,,elophila,,https://en.wikipedia.org/wiki/Elophila
,muscidae,muscidae,,,,,,https://en.wikipedia.org/wiki/Muscidae
,mysidacea,mysidacea,,,,,,https://en.wikipedia.org/wiki/Mysidacea
,mysidae,mysidae,,,,,,https://en.wikipedia.org/wiki/Mysidae
,mystacides,mystacides,,,,,,
,mytilina,mytilina,,,,,,
,myzobdella,myzobdella,,,,,,
,naididae,naididae,,,,,,https://en.wikipedia.org/wiki/Naididae
,naineris,naineris,,,,,,
,nais,nais,,,,,,https://en.wikipedia.org/wiki/Nais_(fungus)
,namamyia,namamyia,,,,,,
,nannastacidae,nannastacidae,,,,,,https://en.wikipedia.org/wiki/Nannastacidae
,nanocladius,nanocladius,,,,,,https://en.wikipedia.org/wiki/Nanocladius
,nanocladius~distinctus,nanocladius~distinctus,,,,,,
,natarsia,natarsia,,,,,,https://en.wikipedia.org/wiki/Natarsia
,neargyractis,neargyractis,,,,,,https://en.wikipedia.org/wiki/Neargyractis
,nebaliacea,nebaliacea,,,,,,
,nectopsyche,nectopsyche,,,,,,
,nematoda,nematoda,,,,,,
,nematomorpha,nematomorpha,,,,,,https://en.wikipedia.org/wiki/Nematomorpha
,nemertea,nemertea,,,,,,https://en.wikipedia.org/wiki/Nemertea
,nemotaulius,nemotaulius,,,,,,
,nemotelus,nemotelus,,,,,,https://en.wikipedia.org/wiki/Nemotelus
,nemoura,nemoura,,,,,,
,nemouridae,nemouridae,,,,,,https://en.wikipedia.org/wiki/Nemouridae
,neocataclysta,neocataclysta,,,,,,https://en.wikipedia.org/wiki/Neocataclysta
,neophylax,neophylax,,,,,,
,neothremma,neothremma,,,,,,
,neotrichia,neotrichia,,,,,,
,nephelopsis,nephelopsis,,,,erpobdella,,https://en.wikipedia.org/wiki/Erpobdella
,nephtyidae,nephtyidae,,,,,,https://en.wikipedia.org/wiki/Nephtyidae
,nepticula,nepticula,,,,stigmella,,https://en.wikipedia.org/wiki/Stigmella_(moth)
,nepticulidae,nepticulidae,,,,,,https://en.wikipedia.org/wiki/Nepticulidae
,nereis,nereis,,,,,,https://en.wikipedia.org/wiki/Nereis
,nerophilus,nerophilus,,,,,,
,neureclipsis,neureclipsis,,,,,,https://en.wikipedia.org/wiki/Neureclipsis
neureclipsis,neureclipsis~crepuscularis,neureclipsis~crepuscularis,,,,,,https://en.wikipedia.org/wiki/Neureclipsis_crepuscularis
,nilotanypus,nilotanypus,,,,,,https://en.wikipedia.org/wiki/Nilotanypus
,nilothauma,nilothauma,,,,,,https://en.wikipedia.org/wiki/Nilothauma
,noctuidae,noctuidae,,,,,,https://en.wikipedia.org/wiki/Noctuidae
,notholca,notholca,,,,,,https://en.wikipedia.org/wiki/Notholca
,notommata,notommata,,,,,,
,notommatidae,notommatidae,,,,,,https://en.wikipedia.org/wiki/Notommatidae
,notostraca,notostraca,,,,,,https://en.wikipedia.org/wiki/Notostraca
,nyctiophylax,nyctiophylax,,,,,,
,nymphomyiidae,nymphomyiidae,,,,,,https://en.wikipedia.org/wiki/Nymphomyiidae
,nymphula,nymphula,,,,,,https://en.wikipedia.org/wiki/Nymphula
,nymphuliella,nymphuliella,,,,,,https://en.wikipedia.org/wiki/Nymphuliella
,occidentalia,occidentalia,,,,,,https://en.wikipedia.org/wiki/Occidentalia
,ochrotrichia,ochrotrichia,,,,,,https://en.wikipedia.org/wiki/Ochrotrichia
,odontoceridae,odontoceridae,,,,,,
,odontomesa,odontomesa,,,,,,https://en.wikipedia.org/wiki/Odontomesa
,oecetis,oecetis,,,,,,
,oligobdella,oligobdella,,,,,,
,oligochaeta,oligochaeta,,,,,,https://en.wikipedia.org/wiki/Oligochaeta
,oligophlebodes,oligophlebodes,,,,,,
,oligostigmoides,oligostigmoides,,,,,,https://en.wikipedia.org/wiki/Oligostigmoides
,oligostomis,oligostomis,,,,,,
,oligotricha,oligotricha,,,,,,
,omisus,omisus,,,,,,https://en.wikipedia.org/wiki/Omisus
,onocosmoecus,onocosmoecus,,,,,,
,onuphidae,onuphidae,,,,,,https://en.wikipedia.org/wiki/Onuphidae
,opheliidae,opheliidae,,,,,,https://en.wikipedia.org/wiki/Opheliidae
,orbinia,orbinia,,,,,,
,orbiniidae,orbiniidae,,,,,,https://en.wikipedia.org/wiki/Orbiniidae
,orconectes,orconectes,,,,,,https://en.wikipedia.org/wiki/Orconectes
orconectes,orconectes~rusticus,orconectes~rusticus,,,,,,https://en.wikipedia.org/wiki/Rusty_crayfish
,ormosia,ormosia,,,,,,https://en.wikipedia.org/wiki/Ormosia
,oropsyche,oropsyche,,,,,,
,orthocladius,orthocladius,,,,,,https://en.wikipedia.org/wiki/Orthocladius
,orthopodomyia,orthopodomyia,,,,,,
,orthotrichia,orthotrichia,,,,,,
,ototyphlonemertidae,ototyphlonemertidae,,,,,,
,oweniidae,oweniidae,,,,,,https://en.wikipedia.org/wiki/Oweniidae
,oxyelophila,oxyelophila,,,,,,https://en.wikipedia.org/wiki/Oxyelophila
,oxyethira,oxyethira,,,,,,
,pacifastacus,pacifastacus,,,,,,https://en.wikipedia.org/wiki/Pacifastacus
,paduniella,paduniella,,,,,,
,pagastia,pagastia,,,,,,https://en.wikipedia.org/wiki/Pagastia
,pagastiella,pagastiella,,,,,,https://en.wikipedia.org/wiki/Pagastiella
pagastiella,pagastiella~ostansa,pagastiella~ostansa,,,,,,
,palaeagapetus,palaeagapetus,,,,,,
,palaemonetes,palaemonetes,,,,,,https://en.wikipedia.org/wiki/Palaemonetes
palaemonetes,palaemonetes~kadiakensis,palaemonetes~kadiakensis,,,,,,https://en.wikipedia.org/wiki/Palaemonetes_kadiakensis
palaemonetes,palaemonetes~paludosus,palaemonetes~paludosus,,,,,,https://en.wikipedia.org/wiki/Palaemonetes_paludosus
,palaemonidae,palaemonidae,,,,,,https://en.wikipedia.org/wiki/Palaemonidae
,palaeodipteron,palaeodipteron,,,,,,
,paleonemertea,paleonemertea,,,,,,
,palpomyia,palpomyia,,,,,,
,paraboreochlus,paraboreochlus,,,,,,
,paracandona,paracandona,,,,,,
,parachaetocladius,parachaetocladius,,,,,,
,parachironomus,parachironomus,,,,,,https://en.wikipedia.org/wiki/Parachironomus
parachironomus,parachironomus~monochromus,parachironomus~monochromus,,,,,,
parachironomus,parachironomus~sublettei,parachironomus~sublettei,,,,,,
,paracladius,paracladius,,,,,,https://en.wikipedia.org/wiki/Paracladius
,paracladopelma,paracladopelma,,,,,,https://en.wikipedia.org/wiki/Paracladopelma
,paraclunio,paraclunio,,,,,,
,paracricotopus,paracricotopus,,,,,,https://en.wikipedia.org/wiki/Paracricotopus
,paracyclops,paracyclops,,,,,,
,parakiefferiella,parakiefferiella,,,,,,https://en.wikipedia.org/wiki/Parakiefferiella
,paralauterborniella,paralauterborniella,,,,,,https://en.wikipedia.org/wiki/Paralauterborniella
,paramerina,paramerina,,,,,,https://en.wikipedia.org/wiki/Paramerina
,parametriocnemus,parametriocnemus,,,,,,https://en.wikipedia.org/wiki/Parametriocnemus
,paraonidae,paraonidae,,,,,,
,paraphaenocladius,paraphaenocladius,,,,,,https://en.wikipedia.org/wiki/Paraphaenocladius
,paraponyx,paraponyx,,,,parapoynx,,https://en.wikipedia.org/wiki/Parapoynx
,parapsyche,parapsyche,,,,,,
,paratanaidae,paratanaidae,,,,,,
,paratanytarsus,paratanytarsus,,,,,,https://en.wikipedia.org/wiki/Paratanytarsus
,paratendipes,paratendipes,,,,,,https://en.wikipedia.org/wiki/Paratendipes
,paratrichocladius,paratrichocladius,,,,,,https://en.wikipedia.org/wiki/Paratrichocladius
,parochlus,parochlus,,,,,,
,parorthocladius,parorthocladius,,,,,,https://en.wikipedia.org/wiki/Parorthocladius
,parthina,parthina,,,,,,
,pectinariidae,pectinariidae,,,,,,https://en.wikipedia.org/wiki/Pectinariidae
,pedicia,pedicia,,,,,,https://en.wikipedia.org/wiki/Pedicia
,pedomoecus,pedomoecus,,,,,,
,peloscolex,peloscolex,,,,,,
,peltoperla,peltoperla,,,,,,
,peltoperlidae,peltoperlidae,,,,,,https://en.wikipedia.org/wiki/Peltoperlidae
,pentaneura,pentaneura,,,,,,
,pericoma,pericoma,,,,,,
,periphyton,periphyton,,,,,,https://en.wikipedia.org/wiki/Periphyton
,phaenopsectra,phaenopsectra,,,,,,https://en.wikipedia.org/wiki/Phaenopsectra
,phalacrocera,phalacrocera,,,,,,https://en.wikipedia.org/wiki/Phalacrocera
,phanocelia,phanocelia,,,,,,
,phaonia,phaonia,,,,,,https://en.wikipedia.org/wiki/Phaonia
,pharyngobdellida,pharyngobdellida,,,,,,https://en.wikipedia.org/wiki/Arhynchobdellida
,pherbellia,pherbellia,,,,,,https://en.wikipedia.org/wiki/Pherbellia
,philobdella,philobdella,,,,,,
,philocasca,philocasca,,,,,,
,philodina,philodina,,,,,,
,philopotamidae,philopotamidae,,,,,,https://en.wikipedia.org/wiki/Philopotamidae
,philorus,philorus,,,,,,
,phoridae,phoridae,,,,,,https://en.wikipedia.org/wiki/Phoridae
,phoronida,phoronida,,,,,,
,phryganea,phryganea,,,,,,
,phryganeidae,phryganeidae,,,,,,
,phyllodocidae,phyllodocidae,,,,,,https://en.wikipedia.org/wiki/Phyllodocidae
,phylloicus,phylloicus,,,,,,
,phylocentropus,phylocentropus,,,,,,
,physocypria,physocypria,,,,,,
,pilargidae,pilargidae,,,,,,https://en.wikipedia.org/wiki/Pilargidae
,pilaria,pilaria,,,,,,https://en.wikipedia.org/wiki/Pilaria
,piscicola,piscicola,,,,,,
,piscicolaria,piscicolaria,,,,,,
,piscicolidae,piscicolidae,,,,,,
,placobdella,placobdella,,,,,,
,planariidae,planariidae,,,,,,https://en.wikipedia.org/wiki/Planariidae
,plankton,plankton,,,,,,https://en.wikipedia.org/wiki/Plankton
plankton,phytoplankton,phytoplankton,,,,,,https://en.wikipedia.org/wiki/Phytoplankton
phytoplankton,diatom,diatom,,,,,,https://en.wikipedia.org/wiki/Diatom
phytoplankton,diatoms,diatoms,,,,,diatom,https://en.wikipedia.org/wiki/Diatom
phytoplankton,picophytoplankton,picophytoplankton,,,,,,
plankton,zooplankton,zooplankton,,,,,,https://en.wikipedia.org/wiki/Zooplankton
zooplankton,mesozooplankton,mesozooplankton,,,,,,
zooplankton,microzooplankton,microzooplankton,,,,,,
,platycentropus,platycentropus,,,,,,
,platyhelminthes,platyhelminthes,,,,flatworm,,https://en.wikipedia.org/wiki/Flatworm
,plecoptera,plecoptera,,,,stoneflies,,https://en.wikipedia.org/wiki/Plecoptera
,plecopteracoluthus,plecopteracoluthus,,,,,,
,pleuroxus,pleuroxus,,,,,,
,ploesoma,ploesoma,,,,,,
,ploima,ploima,,,,,,https://en.wikipedia.org/wiki/Ploima
,polyarthra,polyarthra,,,,,,
,polycelis,polycelis,,,,planariidae,,https://en.wikipedia.org/wiki/Planariidae
,polycentropodidae,polycentropodidae,,,,,,https://en.wikipedia.org/wiki/Polycentropodidae
,polycentropus,polycentropus,,,,,,
,polynoidae,polynoidae,,,,,,https://en.wikipedia.org/wiki/Polynoidae
,polypedilum,polypedilum,,,,,,https://en.wikipedia.org/wiki/Polypedilum
polypedilum,polypedilum~halterale,polypedilum~halterale,,,,,,
polypedilum,polypedilum~tritum,polypedilum~tritum,,,,,,
,polyplectropus,polyplectropus,,,,,,
,pompholyx,pompholyx,,,,dyshidrosis,,https://en.wikipedia.org/wiki/Dyshidrosis
,porifera,porifera,,,,sponge,,https://en.wikipedia.org/wiki/Sponge
,portunidae,portunidae,,,,,,https://en.wikipedia.org/wiki/Portunidae
,potamilla,potamilla,,,,,,
,potamothrix,potamothrix,,,,,,
,potamyia,potamyia,,,,,,
potamyia,potamyia~flava,potamyia~flava,,,,,,
,potthastia,potthastia,,,,,,https://en.wikipedia.org/wiki/Potthastia
,prionocera,prionocera,,,,,,https://en.wikipedia.org/wiki/Prionocera
,pristina,pristina,,,,,,
,proales,proales,,,,,,
,probezzia,probezzia,,,,,,
,procambarus,procambarus,,,,,,https://en.wikipedia.org/wiki/Procambarus
procambarus,procambarus~simulans,procambarus~simulans,,,,,,
,procladius,procladius,,,,,,https://en.wikipedia.org/wiki/Procladius
procladius,procladius~bellus,procladius~bellus,,,,,,
,prodiamesa,prodiamesa,,,,,,https://en.wikipedia.org/wiki/Prodiamesa
,prosimulium,prosimulium,,,,,,
,prosorhochmidae,prosorhochmidae,,,,,,https://en.wikipedia.org/wiki/Prosorhochmidae
,prostoia,prostoia,,,,,,
,prostoma,prostoma,,,,,,https://en.wikipedia.org/wiki/Prostoma
,protanypus,protanypus,,,,,,https://en.wikipedia.org/wiki/Protanypus
,protoplasa,protoplasa,,,,,,
,protoptila,protoptila,,,,,,
,protozoa,protozoa,,,,,,https://en.wikipedia.org/wiki/Protozoa
,psectrocladius,psectrocladius,,,,,,https://en.wikipedia.org/wiki/Psectrocladius
,psectrotanypus,psectrotanypus,,,,,,https://en.wikipedia.org/wiki/Psectrotanypus
,pseudochironomus,pseudochironomus,,,,,,https://en.wikipedia.org/wiki/Pseudochironomus
pseudochironomus,pseudochironomus~fulviventris,pseudochironomus~fulviventris,,,,,,
,pseudocumidae,pseudocumidae,,,,,,
,pseudodiamesa,pseudodiamesa,,,,,,https://en.wikipedia.org/wiki/Pseudodiamesa
,pseudogoera,pseudogoera,,,,,,
,pseudolimnophila,pseudolimnophila,,,,,,https://en.wikipedia.org/wiki/Pseudolimnophila
,pseudomonas,pseudomonas,,,,,,https://en.wikipedia.org/wiki/Pseudomonas
pseudomonas,pseudomonas~aeruginosa,pseudomonas~aeruginosa,,,,,,https://en.wikipedia.org/wiki/Pseudomonas_aeruginosa
,pseudosmittia,pseudosmittia,,,,,,https://en.wikipedia.org/wiki/Pseudosmittia
,pseudostenophylax,pseudostenophylax,,,,,,https://en.wikipedia.org/wiki/Pseudostenophylax
,psilometriocnemus,psilometriocnemus,,,,,,https://en.wikipedia.org/wiki/Psilometriocnemus
,psilopa,psilopa,,,,,,https://en.wikipedia.org/wiki/Psilopa
,psilotanypus,psilotanypus,,,,,,
,psilotreta,psilotreta,,,,,,
,psorophora,psorophora,,,,,,https://en.wikipedia.org/wiki/Psorophora
,psychoda,psychoda,,,,,,
,psychodidae,psychodidae,,,,fly~drain,,https://en.wikipedia.org/wiki/Drain_fly
,psychoglypha,psychoglypha,,,,,,
,psychomyia,psychomyia,,,,,,
,psychomyiidae,psychomyiidae,,,,,,https://en.wikipedia.org/wiki/Psychomyiidae
,psychoronia,psychoronia,,,,,,
,pteromicra,pteromicra,,,,,,
,pteronarcella,pteronarcella,,,,,,
,pteronarcys,pteronarcys,,,,,,https://en.wikipedia.org/wiki/Pteronarcys
,ptilostomis,ptilostomis,,,,,,
,ptygura,ptygura,,,,,,
,pycnopsyche,pycnopsyche,,,,,,
,pyrausta,pyrausta,,,,,,https://en.wikipedia.org/wiki/Pyrausta
,renocera,renocera,,,,,,
,rheocricotopus,rheocricotopus,,,,,,https://en.wikipedia.org/wiki/Rheocricotopus
,rheopelopia,rheopelopia,,,,,,https://en.wikipedia.org/wiki/Rheopelopia
,rheotanytarsus,rheotanytarsus,,,,,,https://en.wikipedia.org/wiki/Rheotanytarsus
,rhyacodrilus,rhyacodrilus,,,,,,
,rhyacophila,rhyacophila,,,,,,https://en.wikipedia.org/wiki/Rhyacophila
rhyacophila,rhyacophila~fuscula,rhyacophila~fuscula,,,,,,
,rhyacophilidae,rhyacophilidae,,,,,,https://en.wikipedia.org/wiki/Rhyacophilidae
,rhynchelmis,rhynchelmis,,,,,,https://en.wikipedia.org/wiki/Rhynchelmis
,rhynchobdellida,rhynchobdellida,,,,,,https://en.wikipedia.org/wiki/Rhynchobdellida
,robackia,robackia,,,,,,https://en.wikipedia.org/wiki/Robackia
,roederiodes,roederiodes,,,,,,
,rossiana,rossiana,,,,,,
,rotifera,rotifera,,,,,,
,sabellariidae,sabellariidae,,,,,,https://en.wikipedia.org/wiki/Sabellariidae
,sabellidae,sabellidae,,,,,,https://en.wikipedia.org/wiki/Sabellidae
,salmonella,salmonella,,,,,,https://en.wikipedia.org/wiki/Salmonella
,scapholeberis,scapholeberis,,,,,,
,scaridium,scaridium,,,,,,
,schoenobius,schoenobius,,,,,,https://en.wikipedia.org/wiki/Schoenobius
,sciomyza,sciomyza,,,,,,
,sciomyzidae,sciomyzidae,,,,,,https://en.wikipedia.org/wiki/Sciomyzidae
,scoloplos,scoloplos,,,,,,
,scyphozoa,scyphozoa,,,,,,https://en.wikipedia.org/wiki/Scyphozoa
,secernentea,secernentea,,,,,,https://en.wikipedia.org/wiki/Secernentea
,sepedon,sepedon,,,,,,https://en.wikipedia.org/wiki/Sepedon
,sericostomatidae,sericostomatidae,,,,,,
,serpulidae,serpulidae,,,,,,https://en.wikipedia.org/wiki/Serpulidae
,setodes,setodes,,,,,,
,sida,sida,,,,,,
,sididae,sididae,,,,,,
,sierraperla,sierraperla,,,,,,
,sigalionidae,sigalionidae,,,,,,
,simocephalus,simocephalus,,,,,,
,simuliidae,simuliidae,,,,fly~black,,https://en.wikipedia.org/wiki/Black_fly
,simulium,simulium,,,,,,https://en.wikipedia.org/wiki/Simulium
simulium,simulium~venustum,simulium~venustum,,,,,,
simulium,simulium~vittatum,simulium~vittatum,,,,,,
,simyra,simyra,,,,,,https://en.wikipedia.org/wiki/Simyra_(moth)
,sipunculoidea,sipunculoidea,,,,"sipuncula, sipunculida",,https://en.wikipedia.org/wiki/Sipuncula
,slavina,slavina,,,,,,
,smicridea,smicridea,,,,,,
,smithsonidrilus,smithsonidrilus,,,,,,
,smittia,smittia,,,,,,https://en.wikipedia.org/wiki/Smittia
,soliperla,soliperla,,,,,,
,specaria,specaria,,,,,,
,sphaerodoridae,sphaerodoridae,,,,,,
,sphaeroma,sphaeroma,,,,,,https://en.wikipedia.org/wiki/Sphaeroma
,sphaeromatidae,sphaeromatidae,,,,,,https://en.wikipedia.org/wiki/Sphaeromatidae
,sphaeromias,sphaeromias,,,,,,
,spilogona,spilogona,,,,,,https://en.wikipedia.org/wiki/Spilogona
,spionidae,spionidae,,,,,,https://en.wikipedia.org/wiki/Spionidae
,spongilla,spongilla,,,,,,https://en.wikipedia.org/wiki/Spongilla
,spongillidae,spongillidae,,,,,,https://en.wikipedia.org/wiki/Spongillidae
,stactobiella,stactobiella,,,,,,
,stegopterna,stegopterna,,,,,,
,stempellina,stempellina,,,,,,https://en.wikipedia.org/wiki/Stempellina
,stempellinella,stempellinella,,,,,,https://en.wikipedia.org/wiki/Stempellinella
,stenochironomus,stenochironomus,,,,,,https://en.wikipedia.org/wiki/Stenochironomus
,stenocypris,stenocypris,,,,,,
,sternaspidae,sternaspidae,,,,,,
,stictochironomus,stictochironomus,,,,,,https://en.wikipedia.org/wiki/Stictochironomus
,stilobezzia,stilobezzia,,,,,,
,stratiomys,stratiomys,,,,,,https://en.wikipedia.org/wiki/Stratiomys
,streptococci,streptococci,,,,,streptococcus,
streptococci,streptococci~fecal,streptococci~fecal,,,,,,
,streptococcus,streptococcus,,,,,,https://en.wikipedia.org/wiki/Streptococcus
,sturgeon,sturgeon,,,,,,https://en.wikipedia.org/wiki/Sturgeon
sturgeon,sturgeon~shovelnose,sturgeon~shovelnose,,,,scaphirhynchus~platorynchus,,https://en.wikipedia.org/wiki/Shovelnose_sturgeon
,stygobromus,stygobromus,,,,,,https://en.wikipedia.org/wiki/Stygobromus
,stygonectes,stygonectes,,,,,,
,stylaria,stylaria,,,,,,
,stylodrilus,stylodrilus,,,,,,
,sutroa,sutroa,,,,,,
,syllidae,syllidae,,,,,,https://en.wikipedia.org/wiki/Syllidae
,symbiocladius,symbiocladius,,,,,,
,symphitopsyche,symphitopsyche,,,,,,
,sympotthastia,sympotthastia,,,,,,https://en.wikipedia.org/wiki/Sympotthastia
,synchaeta,synchaeta,,,,gnaphalium,,https://en.wikipedia.org/wiki/Gnaphalium
,synchaetidae,synchaetidae,,,,,,
,synclita,synclita,,,,elophila,,https://en.wikipedia.org/wiki/Elophila
,synorthocladius,synorthocladius,,,,,,https://en.wikipedia.org/wiki/Synorthocladius
,synurella,synurella,,,,,,
,syrphidae,syrphidae,,,,fly~hover,,https://en.wikipedia.org/wiki/Hoverfly
,systenus,systenus,,,,,,https://en.wikipedia.org/wiki/Systenus
,tabanidae,tabanidae,,,,fly~horse,,https://en.wikipedia.org/wiki/Horse-fly
,tabanus,tabanus,,,,,,https://en.wikipedia.org/wiki/Tabanus
,tachytrechus,tachytrechus,,,,,,https://en.wikipedia.org/wiki/Tachytrechus
,talitridae,talitridae,,,,,,https://en.wikipedia.org/wiki/Talitridae
,tallaperla,tallaperla,,,,,,
,tanaidacea,tanaidacea,,,,,,https://en.wikipedia.org/wiki/Tanaidacea
,tanaidae,tanaidae,,,,,,
,tanais,tanais,,,,,,
,tanyderidae,tanyderidae,,,,,,https://en.wikipedia.org/wiki/Tanyderidae
,tanypus,tanypus,,,,,,https://en.wikipedia.org/wiki/Tanypus
,tanytarsus,tanytarsus,,,,,,https://en.wikipedia.org/wiki/Tanytarsus
,taphromysis,taphromysis,,,,,,
,telmatogeton,telmatogeton,,,,,,https://en.wikipedia.org/wiki/Telmatogeton
,telmatoscopus,telmatoscopus,,,,,,
,telopelopia,telopelopia,,,,,,
,temoridae,temoridae,,,,,,https://en.wikipedia.org/wiki/Temoridae
,terebellidae,terebellidae,,,,,,https://en.wikipedia.org/wiki/Terebellidae
,testudinella,testudinella,,,,,,
,testudinellidae,testudinellidae,,,,,,
,tetanocera,tetanocera,,,,,,
,tetrastemma,tetrastemma,,,,,,
,tetrastemmatidae,tetrastemmatidae,,,,,,
,thienemannia,thienemannia,,,,,,https://en.wikipedia.org/wiki/Thienemannia
,thienemanniella,thienemanniella,,,,,,https://en.wikipedia.org/wiki/Thienemanniella
,thienemannimyia,thienemannimyia,,,,,,https://en.wikipedia.org/wiki/Thienemannimyia
,tinodes,tinodes,,,,,,
,tipula,tipula,,,,,,https://en.wikipedia.org/wiki/Tipula
,tipulidae,tipulidae,,,,fly~crane,,https://en.wikipedia.org/wiki/Crane_fly
,tortricidae,tortricidae,,,,,,https://en.wikipedia.org/wiki/Tortricidae
,toxorhynchites,toxorhynchites,,,,,,https://en.wikipedia.org/wiki/Toxorhynchites
,tree,tree,,,,,,https://en.wikipedia.org/wiki/Tree
tree,oak,oak,,,,,,https://en.wikipedia.org/wiki/Oak_tree
oak,bluejack-oak,bluejack-oak,,,,,,https://en.wikipedia.org/wiki/Quercus_incana
,triaenodes,triaenodes,,,,,,https://en.wikipedia.org/wiki/Triaenodes
,trichocerca,trichocerca,,,,,,
,trichocercidae,trichocercidae,,,,,,
,trichocladius,trichocladius,,,,,,
,trichoptera,trichoptera,,,,caddisfly,,https://en.wikipedia.org/wiki/Caddisfly
,trichotanypus,trichotanypus,,,,,,
,trichotria,trichotria,,,,,,
,tricladida,tricladida,,,,,,https://en.wikipedia.org/wiki/Tricladida
,trissocladius,trissocladius,,,,,,https://en.wikipedia.org/wiki/Trissocladius
,trissopelopia,trissopelopia,,,,,,https://en.wikipedia.org/wiki/Trissopelopia
,trochochaetidae,trochochaetidae,,,,,,
,tropocyclops,tropocyclops,,,,,,https://en.wikipedia.org/wiki/Tropocyclops
,tubifex,tubifex,,,,,,https://en.wikipedia.org/wiki/Tubifex
,tubificidae,tubificidae,,,,naididae,,https://en.wikipedia.org/wiki/Naididae
,tubulanidae,tubulanidae,,,,,,https://en.wikipedia.org/wiki/Tubulanidae
,turbellaria,turbellaria,,,,,,https://en.wikipedia.org/wiki/Turbellaria
,twinnia,twinnia,,,,,,
,undulambia,undulambia,,,,,,https://en.wikipedia.org/wiki/Undulambia
,uranotaenia,uranotaenia,,,,,,https://en.wikipedia.org/wiki/Uranotaenia
,usingeriessa,usingeriessa,,,,,,https://en.wikipedia.org/wiki/Usingeriessa
,viehoperla,viehoperla,,,,,,
virus,calcivirus,calcivirus,,,,,,https://en.wikipedia.org/wiki/Caliciviridae
virus,virus~chicken-pox,virus~chicken-pox,,,,,,https://en.wikipedia.org/wiki/Varicella_zoster_virus
virus,virus~enteric,virus~enteric,,,,enterovirus,,https://en.wikipedia.org/wiki/Enterovirus
,wiedemannia,wiedemannia,,,,,,
,wirthiella,wirthiella,,,,,,
,wormaldia,wormaldia,,,,,,
,xenochironomus,xenochironomus,,,,,,https://en.wikipedia.org/wiki/Xenochironomus
,xiphocentron,xiphocentron,,,,,,
,yoraperla,yoraperla,,,,,,
,yphria,yphria,,,,,,
,zalutschia,zalutschia,,,,,,https://en.wikipedia.org/wiki/Zalutschia
,zavrelia,zavrelia,,,,,,https://en.wikipedia.org/wiki/Zavrelia
,zavrelimyia,zavrelimyia,,,,,,https://en.wikipedia.org/wiki/Zavrelimyia
,zumatrichia,zumatrichia,,,,,,
